Id,Output
1,63.0284188568
2,82.7977380476
3,64.7935366417
4,94.4475154279
5,91.6233269721
6,54.5558534893
7,65.8526073126
8,71.8540077812
9,85.2689029465
10,90.2112327442
11,76.7963375789
12,50.6725943625
13,85.2689029465
14,74.3251726801
15,92.682397643
16,93.388444757
17,99.7428687826
18,76.7963375789
19,74.6781962371
20,97.6247274407
21,63.3814424137
22,70.4419135533
23,66.5586544265
24,82.7977380476
25,83.5037851616
26,65.1465601986
27,54.5558534893
28,96.2126332128
29,92.682397643
30,53.8498063753
31,71.1479606673
32,96.2126332128
33,75.384243351
34,60.9102775149
35,96.9186803268
36,61.6163246288
37,49.9665472485
38,51.7316650334
39,66.9116779835
40,95.8596096558
41,68.6767957684
42,64.7935366417
43,80.3265731487
44,57.0270183881
45,76.090290465
46,71.1479606673
47,51.3786414764
48,96.2126332128
49,62.3223717428
50,78.5614553638
51,95.1535625419
52,66.9116779835
53,92.682397643
54,75.0312197941
55,57.3800419451
56,59.8512068439
57,61.9693481858
58,54.5558534893
59,87.0340207313
60,61.2633010719
61,91.6233269721
62,74.6781962371
63,70.4419135533
64,89.5051856302
65,79.9735495918
66,50.3195708055
67,62.6753952998
68,86.6809971744
69,95.8596096558
70,81.7386673767
71,69.7358664394
72,97.6247274407
73,79.6205260348
74,51.0256179195
75,72.2070313382
76,90.2112327442
77,91.2703034151
78,68.3237722114
79,78.9144789208
80,65.1465601986
81,82.4447144906
82,82.4447144906
83,51.3786414764
84,97.2717038837
85,76.443314022
86,70.7949371103
87,64.0874895277
88,90.2112327442
89,52.7907357044
90,58.439112616
91,53.4967828183
92,59.8512068439
93,53.1437592613
94,55.2619006032
95,94.0944918709
96,93.741468314
97,99.0368216686
98,73.9721491231
99,68.3237722114
100,95.8596096558
101,89.8582091872
102,52.4377121474
103,88.7991385162
104,88.0930914023
105,79.2675024778
106,64.7935366417
107,63.0284188568
108,78.9144789208
109,90.5642563011
110,65.8526073126
111,86.6809971744
112,63.7344659707
113,82.4447144906
114,59.14515973
115,91.2703034151
116,82.0916909336
117,62.6753952998
118,77.1493611359
119,63.3814424137
120,67.9707486545
121,65.4995837556
122,61.6163246288
123,81.0326202627
124,95.8596096558
125,68.3237722114
126,51.7316650334
127,53.1437592613
128,58.086089059
129,80.6795967057
130,88.7991385162
131,78.5614553638
132,97.6247274407
133,58.439112616
134,64.0874895277
135,67.6177250975
136,69.7358664394
137,95.1535625419
138,51.7316650334
139,59.8512068439
140,96.2126332128
141,62.3223717428
142,67.6177250975
143,96.9186803268
144,59.8512068439
145,76.090290465
146,85.2689029465
147,76.090290465
148,72.2070313382
149,92.329374086
150,71.1479606673
151,64.7935366417
152,88.0930914023
153,60.2042304009
154,54.5558534893
155,97.2717038837
156,63.0284188568
157,69.0298193254
158,75.0312197941
159,85.2689029465
160,84.2098322755
161,57.3800419451
162,99.0368216686
163,98.6837981117
164,96.9186803268
165,100.09589234
166,57.0270183881
167,77.5023846929
168,72.2070313382
169,72.2070313382
170,96.5656567698
171,50.3195708055
172,77.8554082499
173,73.2661020092
174,72.9130784522
175,97.2717038837
176,100.09589234
177,66.2056308696
178,84.9158793895
179,86.3279736174
180,66.5586544265
181,58.792136173
182,77.8554082499
183,60.5572539579
184,56.3209712741
185,94.4475154279
186,58.439112616
187,62.6753952998
188,57.3800419451
189,61.9693481858
190,85.9749500604
191,49.9665472485
192,86.3279736174
193,81.7386673767
194,93.0354212
195,71.5009842243
196,52.0846885904
197,70.0888899963
198,90.5642563011
199,62.3223717428
200,57.3800419451
201,85.6219265034
202,55.6149241602
203,86.3279736174
204,54.9088770462
205,67.9707486545
206,58.792136173
207,79.2675024778
208,54.2028299323
209,76.090290465
210,58.086089059
211,66.2056308696
212,49.6135236915
213,52.0846885904
214,65.4995837556
215,88.7991385162
216,79.2675024778
217,95.8596096558
218,64.4405130847
219,94.4475154279
220,65.4995837556
221,79.6205260348
222,55.2619006032
223,51.3786414764
224,95.1535625419
225,77.8554082499
226,54.5558534893
227,92.682397643
228,78.5614553638
229,49.9665472485
230,49.9665472485
231,80.6795967057
232,90.2112327442
233,85.6219265034
234,49.6135236915
235,78.2084318069
236,57.3800419451
237,94.0944918709
238,78.5614553638
239,92.682397643
240,58.086089059
241,56.3209712741
242,49.6135236915
243,82.7977380476
244,57.3800419451
245,93.0354212
246,95.1535625419
247,83.1507616046
248,56.3209712741
249,59.14515973
250,49.6135236915
251,57.7330655021
252,80.3265731487
253,83.8568087185
254,99.3898452256
255,77.8554082499
256,50.6725943625
257,71.8540077812
258,79.6205260348
259,72.2070313382
260,78.9144789208
261,96.5656567698
262,54.2028299323
263,58.792136173
264,65.4995837556
265,87.0340207313
266,55.6149241602
267,99.7428687826
268,87.3870442883
269,58.439112616
270,51.0256179195
271,63.0284188568
272,51.0256179195
273,85.6219265034
274,85.9749500604
275,59.8512068439
276,63.7344659707
277,69.7358664394
278,65.1465601986
279,51.3786414764
280,81.3856438197
281,72.9130784522
282,100.09589234
283,61.6163246288
284,83.5037851616
285,75.384243351
286,77.5023846929
287,54.9088770462
288,91.9763505291
289,95.5065860989
290,82.7977380476
291,73.6191255661
292,54.5558534893
293,59.498183287
294,81.0326202627
295,81.0326202627
296,60.5572539579
297,62.3223717428
298,83.8568087185
299,94.4475154279
300,76.7963375789
301,62.3223717428
302,93.741468314
303,98.6837981117
304,85.6219265034
305,73.9721491231
306,76.443314022
307,51.0256179195
308,55.6149241602
309,70.7949371103
310,79.2675024778
311,60.5572539579
312,59.8512068439
313,81.0326202627
314,81.3856438197
315,60.9102775149
316,55.6149241602
317,56.6739948311
318,77.1493611359
319,96.5656567698
320,85.6219265034
321,59.8512068439
322,55.6149241602
323,83.5037851616
324,54.9088770462
325,70.7949371103
326,99.7428687826
327,55.2619006032
328,94.8005389849
329,66.9116779835
330,77.5023846929
331,60.5572539579
332,77.1493611359
333,64.4405130847
334,64.0874895277
335,64.7935366417
336,96.9186803268
337,79.2675024778
338,54.9088770462
339,63.0284188568
340,67.9707486545
341,94.4475154279
342,61.6163246288
343,68.3237722114
344,92.682397643
345,78.2084318069
346,92.682397643
347,51.3786414764
348,65.8526073126
349,92.329374086
350,50.6725943625
351,81.3856438197
352,73.9721491231
353,50.3195708055
354,54.9088770462
355,81.7386673767
356,94.4475154279
357,87.0340207313
358,82.4447144906
359,61.9693481858
360,73.2661020092
361,63.0284188568
362,66.9116779835
363,77.1493611359
364,61.9693481858
365,84.2098322755
366,80.3265731487
367,59.498183287
368,85.6219265034
369,86.6809971744
370,60.5572539579
371,51.3786414764
372,58.086089059
373,67.6177250975
374,76.443314022
375,63.7344659707
376,64.0874895277
377,62.6753952998
378,65.4995837556
379,70.7949371103
380,74.6781962371
381,63.7344659707
382,93.388444757
383,59.498183287
384,52.7907357044
385,66.2056308696
386,64.4405130847
387,52.0846885904
388,56.6739948311
389,77.5023846929
390,96.2126332128
391,88.7991385162
392,61.6163246288
393,52.7907357044
394,52.7907357044
395,93.388444757
396,80.3265731487
397,60.5572539579
398,78.5614553638
399,78.9144789208
400,61.2633010719
401,99.0368216686
402,63.3814424137
403,50.6725943625
404,59.498183287
405,81.0326202627
406,63.0284188568
407,63.0284188568
408,69.3828428824
409,84.2098322755
410,80.6795967057
411,92.682397643
412,53.1437592613
413,87.3870442883
414,71.1479606673
415,89.5051856302
416,83.5037851616
417,90.5642563011
418,82.4447144906
419,70.7949371103
420,51.3786414764
421,68.3237722114
422,59.14515973
423,49.9665472485
424,60.9102775149
425,84.9158793895
426,89.8582091872
427,72.2070313382
428,58.439112616
429,54.5558534893
430,84.5628558325
431,55.6149241602
432,97.9777509977
433,65.4995837556
434,72.2070313382
435,60.5572539579
436,70.4419135533
437,56.3209712741
438,56.3209712741
439,62.6753952998
440,58.439112616
441,52.0846885904
442,79.2675024778
443,79.2675024778
444,65.8526073126
445,66.2056308696
446,70.7949371103
447,97.2717038837
448,64.4405130847
449,54.2028299323
450,71.5009842243
451,61.6163246288
452,74.6781962371
453,99.7428687826
454,87.0340207313
455,79.9735495918
456,86.6809971744
457,84.5628558325
458,92.329374086
459,82.7977380476
460,62.6753952998
461,97.2717038837
462,57.0270183881
463,62.6753952998
464,67.2647015405
465,84.5628558325
466,54.9088770462
467,94.0944918709
468,67.2647015405
469,76.443314022
470,52.0846885904
471,98.6837981117
472,83.1507616046
473,57.7330655021
474,75.0312197941
475,59.498183287
476,71.1479606673
477,66.5586544265
478,93.0354212
479,67.6177250975
480,55.9679477172
481,75.0312197941
482,71.1479606673
483,86.3279736174
484,66.5586544265
485,56.6739948311
486,88.4461149593
487,50.6725943625
488,63.7344659707
489,80.3265731487
490,90.2112327442
491,81.7386673767
492,83.1507616046
493,57.3800419451
494,63.7344659707
495,53.1437592613
496,71.8540077812
497,98.6837981117
498,95.8596096558
499,90.9172798581
500,72.5600548952
501,57.3800419451
502,57.7330655021
503,91.2703034151
504,58.792136173
505,57.7330655021
506,58.792136173
507,60.9102775149
508,82.0916909336
509,63.7344659707
510,64.0874895277
511,71.1479606673
512,70.7949371103
513,66.2056308696
514,90.9172798581
515,66.9116779835
516,52.0846885904
517,81.7386673767
518,87.7400678453
519,54.9088770462
520,65.8526073126
521,82.0916909336
522,93.741468314
523,71.1479606673
524,70.0888899963
525,99.3898452256
526,56.6739948311
527,83.8568087185
528,91.2703034151
529,60.9102775149
530,93.741468314
531,92.329374086
532,60.5572539579
533,87.3870442883
534,58.792136173
535,51.3786414764
536,79.9735495918
537,53.8498063753
538,51.3786414764
539,52.4377121474
540,60.5572539579
541,71.5009842243
542,76.443314022
543,100.09589234
544,81.7386673767
545,75.0312197941
546,91.9763505291
547,89.1521620732
548,51.3786414764
549,50.6725943625
550,84.2098322755
551,71.8540077812
552,64.4405130847
553,67.6177250975
554,50.6725943625
555,89.8582091872
556,96.2126332128
557,67.2647015405
558,75.384243351
559,50.3195708055
560,87.7400678453
561,90.5642563011
562,70.7949371103
563,55.2619006032
564,50.3195708055
565,99.7428687826
566,91.2703034151
567,71.1479606673
568,72.9130784522
569,96.5656567698
570,77.8554082499
571,82.0916909336
572,79.9735495918
573,49.6135236915
574,68.6767957684
575,82.7977380476
576,75.384243351
577,61.6163246288
578,71.8540077812
579,61.6163246288
580,92.329374086
581,57.7330655021
582,50.6725943625
583,99.7428687826
584,78.2084318069
585,59.8512068439
586,70.0888899963
587,92.682397643
588,49.9665472485
589,94.8005389849
590,76.7963375789
591,81.3856438197
592,77.5023846929
593,69.0298193254
594,49.6135236915
595,80.6795967057
596,54.2028299323
597,84.5628558325
598,89.5051856302
599,77.1493611359
600,84.5628558325
601,87.0340207313
602,57.7330655021
603,52.4377121474
604,56.6739948311
605,58.792136173
606,85.9749500604
607,64.4405130847
608,90.9172798581
609,78.9144789208
610,79.9735495918
611,94.8005389849
612,94.0944918709
613,96.2126332128
614,90.2112327442
615,87.3870442883
616,94.4475154279
617,84.2098322755
618,56.3209712741
619,66.5586544265
620,91.9763505291
621,62.3223717428
622,62.3223717428
623,78.2084318069
624,60.2042304009
625,79.9735495918
626,95.1535625419
627,83.5037851616
628,53.8498063753
629,72.2070313382
630,52.7907357044
631,51.7316650334
632,82.0916909336
633,72.5600548952
634,62.6753952998
635,54.5558534893
636,97.9777509977
637,99.7428687826
638,98.6837981117
639,67.6177250975
640,68.3237722114
641,97.9777509977
642,77.5023846929
643,79.9735495918
644,99.3898452256
645,99.0368216686
646,69.7358664394
647,66.2056308696
648,91.9763505291
649,51.3786414764
650,63.0284188568
651,66.5586544265
652,94.0944918709
653,65.4995837556
654,87.0340207313
655,100.09589234
656,65.4995837556
657,75.737266908
658,81.3856438197
659,52.7907357044
660,65.1465601986
661,83.5037851616
662,94.0944918709
663,69.3828428824
664,58.439112616
665,55.2619006032
666,52.4377121474
667,81.7386673767
668,55.2619006032
669,91.6233269721
670,93.741468314
671,63.3814424137
672,80.3265731487
673,85.9749500604
674,91.9763505291
675,85.6219265034
676,78.5614553638
677,93.388444757
678,60.9102775149
679,62.6753952998
680,96.5656567698
681,52.7907357044
682,85.6219265034
683,73.9721491231
684,84.2098322755
685,93.388444757
686,54.2028299323
687,84.2098322755
688,63.7344659707
689,63.0284188568
690,84.9158793895
691,75.0312197941
692,59.498183287
693,49.9665472485
694,62.6753952998
695,89.8582091872
696,96.9186803268
697,50.6725943625
698,62.3223717428
699,76.090290465
700,83.1507616046
701,82.0916909336
702,85.2689029465
703,99.0368216686
704,81.3856438197
705,96.5656567698
706,77.5023846929
707,91.2703034151
708,86.3279736174
709,49.9665472485
710,89.8582091872
711,91.2703034151
712,75.737266908
713,89.1521620732
714,81.0326202627
715,55.2619006032
716,77.8554082499
717,69.7358664394
718,75.737266908
719,59.8512068439
720,75.384243351
721,82.7977380476
722,50.3195708055
723,93.0354212
724,51.7316650334
725,75.0312197941
726,52.4377121474
727,92.682397643
728,57.7330655021
729,92.329374086
730,89.8582091872
731,50.3195708055
732,63.3814424137
733,69.0298193254
734,97.6247274407
735,84.2098322755
736,70.7949371103
737,73.6191255661
738,71.8540077812
739,80.3265731487
740,69.7358664394
741,99.0368216686
742,82.4447144906
743,97.2717038837
744,77.1493611359
745,78.5614553638
746,88.4461149593
747,60.2042304009
748,93.741468314
749,76.7963375789
750,66.9116779835
751,81.0326202627
752,93.0354212
753,95.1535625419
754,89.5051856302
755,75.737266908
756,61.6163246288
757,86.3279736174
758,85.9749500604
759,79.6205260348
760,64.7935366417
761,96.5656567698
762,64.0874895277
763,95.5065860989
764,69.3828428824
765,75.384243351
766,95.1535625419
767,98.6837981117
768,78.5614553638
769,65.1465601986
770,57.0270183881
771,75.384243351
772,61.6163246288
773,63.3814424137
774,72.5600548952
775,69.0298193254
776,91.6233269721
777,84.2098322755
778,71.8540077812
779,96.9186803268
780,69.3828428824
781,77.1493611359
782,76.090290465
783,85.2689029465
784,84.9158793895
785,71.8540077812
786,83.8568087185
787,50.6725943625
788,87.7400678453
789,90.2112327442
790,56.6739948311
791,77.1493611359
792,58.086089059
793,78.9144789208
794,57.0270183881
795,59.8512068439
796,55.9679477172
797,88.4461149593
798,52.0846885904
799,89.1521620732
800,72.5600548952
801,59.498183287
802,65.4995837556
803,92.682397643
804,84.9158793895
805,66.5586544265
806,87.7400678453
807,72.5600548952
808,85.9749500604
809,55.2619006032
810,53.4967828183
811,72.5600548952
812,70.7949371103
813,59.498183287
814,82.7977380476
815,60.5572539579
816,84.2098322755
817,71.5009842243
818,79.9735495918
819,61.2633010719
820,75.737266908
821,61.2633010719
822,65.8526073126
823,89.8582091872
824,69.7358664394
825,86.6809971744
826,84.2098322755
827,71.5009842243
828,89.1521620732
829,91.2703034151
830,92.682397643
831,61.9693481858
832,95.5065860989
833,58.792136173
834,89.1521620732
835,70.4419135533
836,57.3800419451
837,63.7344659707
838,72.2070313382
839,66.2056308696
840,52.7907357044
841,77.1493611359
842,94.4475154279
843,72.5600548952
844,66.9116779835
845,75.737266908
846,64.4405130847
847,91.2703034151
848,93.741468314
849,53.4967828183
850,100.09589234
851,85.2689029465
852,91.9763505291
853,51.3786414764
854,63.0284188568
855,80.3265731487
856,51.0256179195
857,78.9144789208
858,78.2084318069
859,50.3195708055
860,96.5656567698
861,99.0368216686
862,75.0312197941
863,57.0270183881
864,65.1465601986
865,65.1465601986
866,89.8582091872
867,84.9158793895
868,78.5614553638
869,59.8512068439
870,84.2098322755
871,94.0944918709
872,69.0298193254
873,65.1465601986
874,87.3870442883
875,72.2070313382
876,73.9721491231
877,90.9172798581
878,73.2661020092
879,79.6205260348
880,94.0944918709
881,99.3898452256
882,63.0284188568
883,82.7977380476
884,76.090290465
885,89.1521620732
886,72.9130784522
887,81.3856438197
888,95.8596096558
889,65.1465601986
890,82.4447144906
891,58.792136173
892,89.1521620732
893,55.9679477172
894,78.9144789208
895,58.439112616
896,90.5642563011
897,62.3223717428
898,82.7977380476
899,89.5051856302
900,92.329374086
901,66.9116779835
902,67.2647015405
903,51.7316650334
904,53.1437592613
905,98.3307745547
906,96.9186803268
907,51.3786414764
908,80.3265731487
909,81.0326202627
910,54.9088770462
911,83.8568087185
912,61.6163246288
913,91.6233269721
914,60.9102775149
915,51.3786414764
916,59.14515973
917,55.6149241602
918,93.388444757
919,61.6163246288
920,61.6163246288
921,77.1493611359
922,80.3265731487
923,71.5009842243
924,64.7935366417
925,81.7386673767
926,49.6135236915
927,81.7386673767
928,77.5023846929
929,63.3814424137
930,81.7386673767
931,64.7935366417
932,91.9763505291
933,56.3209712741
934,61.2633010719
935,99.7428687826
936,94.0944918709
937,54.5558534893
938,53.1437592613
939,76.090290465
940,66.5586544265
941,66.5586544265
942,79.6205260348
943,51.0256179195
944,93.0354212
945,70.4419135533
946,76.7963375789
947,77.8554082499
948,85.2689029465
949,54.5558534893
950,55.2619006032
951,53.8498063753
952,86.3279736174
953,52.7907357044
954,72.9130784522
955,86.3279736174
956,88.4461149593
957,54.5558534893
958,87.0340207313
959,67.6177250975
960,67.2647015405
961,83.5037851616
962,68.6767957684
963,57.0270183881
964,70.7949371103
965,99.7428687826
966,81.3856438197
967,95.1535625419
968,53.8498063753
969,83.1507616046
970,61.2633010719
971,91.6233269721
972,75.0312197941
973,58.086089059
974,71.5009842243
975,55.9679477172
976,95.5065860989
977,90.9172798581
978,80.6795967057
979,88.4461149593
980,88.4461149593
981,83.1507616046
982,90.5642563011
983,86.3279736174
984,94.4475154279
985,100.09589234
986,66.9116779835
987,91.6233269721
988,79.9735495918
989,52.7907357044
990,93.388444757
991,66.9116779835
992,64.0874895277
993,98.3307745547
994,95.8596096558
995,52.0846885904
996,51.0256179195
997,96.9186803268
998,55.6149241602
999,94.8005389849
1000,67.9707486545
1001,77.1493611359
1002,58.792136173
1003,86.6809971744
1004,52.7907357044
1005,77.8554082499
1006,92.682397643
1007,76.090290465
1008,54.9088770462
1009,69.3828428824
1010,64.0874895277
1011,62.6753952998
1012,99.7428687826
1013,56.3209712741
1014,91.2703034151
1015,96.2126332128
1016,60.2042304009
1017,84.2098322755
1018,69.3828428824
1019,72.2070313382
1020,84.2098322755
1021,60.2042304009
1022,78.2084318069
1023,92.329374086
1024,93.388444757
1025,88.0930914023
1026,100.09589234
1027,89.1521620732
1028,80.6795967057
1029,73.6191255661
1030,59.14515973
1031,84.9158793895
1032,86.6809971744
1033,85.9749500604
1034,96.2126332128
1035,70.0888899963
1036,69.7358664394
1037,59.498183287
1038,81.3856438197
1039,80.3265731487
1040,54.2028299323
1041,74.3251726801
1042,75.0312197941
1043,72.5600548952
1044,97.2717038837
1045,97.2717038837
1046,81.7386673767
1047,51.3786414764
1048,51.3786414764
1049,92.682397643
1050,50.3195708055
1051,72.9130784522
1052,80.6795967057
1053,79.9735495918
1054,71.8540077812
1055,98.6837981117
1056,67.9707486545
1057,80.3265731487
1058,96.9186803268
1059,77.8554082499
1060,80.6795967057
1061,54.9088770462
1062,71.1479606673
1063,81.3856438197
1064,55.2619006032
1065,60.2042304009
1066,59.8512068439
1067,66.2056308696
1068,74.6781962371
1069,61.6163246288
1070,85.6219265034
1071,56.6739948311
1072,69.3828428824
1073,77.8554082499
1074,71.1479606673
1075,96.5656567698
1076,84.9158793895
1077,49.9665472485
1078,80.6795967057
1079,71.8540077812
1080,80.3265731487
1081,83.8568087185
1082,94.4475154279
1083,49.6135236915
1084,60.5572539579
1085,51.3786414764
1086,66.2056308696
1087,63.7344659707
1088,83.5037851616
1089,73.9721491231
1090,63.7344659707
1091,90.9172798581
1092,83.5037851616
1093,77.8554082499
1094,60.5572539579
1095,50.3195708055
1096,67.2647015405
1097,69.3828428824
1098,83.1507616046
1099,100.09589234
1100,50.3195708055
1101,87.7400678453
1102,81.7386673767
1103,92.329374086
1104,71.5009842243
1105,85.6219265034
1106,55.6149241602
1107,57.7330655021
1108,85.2689029465
1109,54.2028299323
1110,57.0270183881
1111,70.7949371103
1112,64.7935366417
1113,89.8582091872
1114,49.9665472485
1115,62.3223717428
1116,60.5572539579
1117,93.741468314
1118,98.3307745547
1119,88.4461149593
1120,97.9777509977
1121,95.1535625419
1122,93.741468314
1123,89.5051856302
1124,72.9130784522
1125,95.8596096558
1126,91.2703034151
1127,75.384243351
1128,56.6739948311
1129,50.6725943625
1130,97.2717038837
1131,60.2042304009
1132,66.9116779835
1133,67.9707486545
1134,58.086089059
1135,76.7963375789
1136,74.6781962371
1137,81.7386673767
1138,93.741468314
1139,52.0846885904
1140,98.3307745547
1141,75.737266908
1142,95.8596096558
1143,54.2028299323
1144,70.0888899963
1145,54.9088770462
1146,70.0888899963
1147,67.2647015405
1148,89.5051856302
1149,79.6205260348
1150,99.3898452256
1151,66.2056308696
1152,75.0312197941
1153,75.0312197941
1154,73.9721491231
1155,74.6781962371
1156,53.8498063753
1157,68.6767957684
1158,72.2070313382
1159,67.6177250975
1160,56.6739948311
1161,73.6191255661
1162,49.9665472485
1163,88.7991385162
1164,98.6837981117
1165,73.9721491231
1166,86.6809971744
1167,53.4967828183
1168,71.1479606673
1169,66.5586544265
1170,52.7907357044
1171,86.6809971744
1172,77.8554082499
1173,70.4419135533
1174,75.737266908
1175,76.443314022
1176,56.3209712741
1177,67.2647015405
1178,86.6809971744
1179,87.7400678453
1180,55.6149241602
1181,65.4995837556
1182,73.9721491231
1183,66.2056308696
1184,90.9172798581
1185,97.6247274407
1186,58.439112616
1187,50.6725943625
1188,63.7344659707
1189,50.3195708055
1190,82.7977380476
1191,84.9158793895
1192,63.7344659707
1193,68.3237722114
1194,51.0256179195
1195,72.5600548952
1196,75.737266908
1197,86.6809971744
1198,68.6767957684
1199,63.7344659707
1200,59.14515973
1201,66.9116779835
1202,65.1465601986
1203,91.2703034151
1204,69.3828428824
1205,52.7907357044
1206,96.5656567698
1207,61.9693481858
1208,58.439112616
1209,52.4377121474
1210,95.5065860989
1211,97.9777509977
1212,55.9679477172
1213,61.2633010719
1214,63.0284188568
1215,60.2042304009
1216,87.7400678453
1217,53.1437592613
1218,51.7316650334
1219,91.6233269721
1220,85.6219265034
1221,49.6135236915
1222,80.6795967057
1223,82.7977380476
1224,70.0888899963
1225,99.0368216686
1226,91.9763505291
1227,74.3251726801
1228,56.6739948311
1229,78.9144789208
1230,61.9693481858
1231,74.6781962371
1232,61.2633010719
1233,91.9763505291
1234,81.3856438197
1235,57.7330655021
1236,88.0930914023
1237,63.0284188568
1238,89.1521620732
1239,96.9186803268
1240,84.9158793895
1241,52.4377121474
1242,95.8596096558
1243,51.0256179195
1244,65.8526073126
1245,69.7358664394
1246,92.329374086
1247,66.5586544265
1248,77.8554082499
1249,54.5558534893
1250,58.792136173
1251,64.0874895277
1252,86.6809971744
1253,69.3828428824
1254,81.3856438197
1255,87.0340207313
1256,58.792136173
1257,73.6191255661
1258,61.6163246288
1259,86.3279736174
1260,63.0284188568
1261,67.2647015405
1262,91.9763505291
1263,79.9735495918
1264,81.7386673767
1265,55.9679477172
1266,63.3814424137
1267,71.8540077812
1268,98.6837981117
1269,70.0888899963
1270,57.3800419451
1271,62.3223717428
1272,97.9777509977
1273,68.6767957684
1274,74.3251726801
1275,78.9144789208
1276,92.682397643
1277,60.2042304009
1278,98.3307745547
1279,73.9721491231
1280,92.329374086
1281,99.0368216686
1282,73.9721491231
1283,81.3856438197
1284,75.0312197941
1285,57.7330655021
1286,97.6247274407
1287,54.9088770462
1288,73.9721491231
1289,56.3209712741
1290,77.1493611359
1291,95.8596096558
1292,64.4405130847
1293,50.6725943625
1294,94.0944918709
1295,69.7358664394
1296,60.9102775149
1297,87.7400678453
1298,76.443314022
1299,63.0284188568
1300,69.7358664394
1301,57.0270183881
1302,71.5009842243
1303,61.9693481858
1304,55.9679477172
1305,80.6795967057
1306,72.9130784522
1307,86.6809971744
1308,68.6767957684
1309,90.5642563011
1310,57.3800419451
1311,96.5656567698
1312,70.7949371103
1313,83.8568087185
1314,50.3195708055
1315,63.0284188568
1316,74.6781962371
1317,98.6837981117
1318,71.5009842243
1319,77.1493611359
1320,73.6191255661
1321,70.4419135533
1322,99.7428687826
1323,92.682397643
1324,82.0916909336
1325,52.7907357044
1326,85.6219265034
1327,99.3898452256
1328,51.3786414764
1329,58.086089059
1330,52.0846885904
1331,81.0326202627
1332,55.6149241602
1333,96.9186803268
1334,90.5642563011
1335,88.0930914023
1336,73.2661020092
1337,89.8582091872
1338,74.3251726801
1339,59.8512068439
1340,67.6177250975
1341,79.2675024778
1342,99.0368216686
1343,73.2661020092
1344,64.4405130847
1345,95.8596096558
1346,74.6781962371
1347,64.0874895277
1348,75.737266908
1349,70.4419135533
1350,99.3898452256
1351,59.498183287
1352,77.8554082499
1353,84.9158793895
1354,70.7949371103
1355,77.1493611359
1356,65.1465601986
1357,91.9763505291
1358,97.6247274407
1359,54.5558534893
1360,79.2675024778
1361,77.8554082499
1362,90.9172798581
1363,79.9735495918
1364,52.0846885904
1365,71.8540077812
1366,55.9679477172
1367,86.3279736174
1368,92.682397643
1369,85.6219265034
1370,61.6163246288
1371,55.9679477172
1372,94.8005389849
1373,91.2703034151
1374,80.6795967057
1375,49.6135236915
1376,60.9102775149
1377,64.0874895277
1378,93.388444757
1379,84.9158793895
1380,77.5023846929
1381,77.8554082499
1382,55.2619006032
1383,90.9172798581
1384,51.0256179195
1385,67.9707486545
1386,51.7316650334
1387,73.9721491231
1388,96.2126332128
1389,67.6177250975
1390,78.2084318069
1391,86.3279736174
1392,57.3800419451
1393,89.5051856302
1394,78.9144789208
1395,90.2112327442
1396,96.5656567698
1397,67.9707486545
1398,93.388444757
1399,66.9116779835
1400,60.2042304009
1401,64.0874895277
1402,68.6767957684
1403,63.7344659707
1404,72.5600548952
1405,57.7330655021
1406,59.8512068439
1407,83.5037851616
1408,53.4967828183
1409,69.7358664394
1410,69.3828428824
1411,50.3195708055
1412,58.439112616
1413,87.7400678453
1414,57.7330655021
1415,55.2619006032
1416,96.2126332128
1417,54.2028299323
1418,85.6219265034
1419,88.7991385162
1420,80.3265731487
1421,79.9735495918
1422,77.8554082499
1423,82.0916909336
1424,78.2084318069
1425,78.5614553638
1426,77.1493611359
1427,75.0312197941
1428,96.9186803268
1429,85.6219265034
1430,90.5642563011
1431,85.9749500604
1432,75.737266908
1433,55.6149241602
1434,70.0888899963
1435,68.3237722114
1436,67.6177250975
1437,85.6219265034
1438,69.3828428824
1439,54.9088770462
1440,50.6725943625
1441,69.3828428824
1442,84.9158793895
1443,96.5656567698
1444,100.09589234
1445,83.5037851616
1446,78.9144789208
1447,67.2647015405
1448,92.329374086
1449,67.9707486545
1450,90.5642563011
1451,51.7316650334
1452,84.5628558325
1453,64.7935366417
1454,65.4995837556
1455,59.498183287
1456,55.6149241602
1457,83.5037851616
1458,91.6233269721
1459,91.6233269721
1460,57.3800419451
1461,79.2675024778
1462,87.7400678453
1463,91.6233269721
1464,71.1479606673
1465,66.9116779835
1466,52.4377121474
1467,70.4419135533
1468,89.8582091872
1469,63.0284188568
1470,61.2633010719
1471,58.439112616
1472,67.6177250975
1473,49.6135236915
1474,63.0284188568
1475,63.0284188568
1476,91.6233269721
1477,55.6149241602
1478,58.792136173
1479,99.0368216686
1480,89.1521620732
1481,67.6177250975
1482,90.9172798581
1483,50.6725943625
1484,63.0284188568
1485,81.0326202627
1486,77.1493611359
1487,58.086089059
1488,81.0326202627
1489,80.6795967057
1490,77.1493611359
1491,51.3786414764
1492,76.090290465
1493,91.9763505291
1494,54.2028299323
1495,55.2619006032
1496,97.2717038837
1497,53.4967828183
1498,95.5065860989
1499,88.7991385162
1500,84.5628558325
1501,91.9763505291
1502,57.3800419451
1503,99.3898452256
1504,52.0846885904
1505,97.9777509977
1506,53.1437592613
1507,69.7358664394
1508,93.741468314
1509,84.2098322755
1510,85.9749500604
1511,69.7358664394
1512,59.498183287
1513,73.9721491231
1514,66.5586544265
1515,75.384243351
1516,55.9679477172
1517,78.5614553638
1518,55.6149241602
1519,52.4377121474
1520,68.3237722114
1521,65.4995837556
1522,81.0326202627
1523,56.6739948311
1524,93.0354212
1525,72.9130784522
1526,53.1437592613
1527,74.6781962371
1528,86.6809971744
1529,72.5600548952
1530,67.2647015405
1531,64.4405130847
1532,69.0298193254
1533,92.329374086
1534,73.2661020092
1535,67.6177250975
1536,65.1465601986
1537,81.7386673767
1538,90.9172798581
1539,85.2689029465
1540,53.1437592613
1541,51.0256179195
1542,69.7358664394
1543,97.9777509977
1544,57.0270183881
1545,52.0846885904
1546,51.0256179195
1547,57.0270183881
1548,84.2098322755
1549,51.7316650334
1550,63.7344659707
1551,99.0368216686
1552,60.9102775149
1553,67.9707486545
1554,86.3279736174
1555,76.7963375789
1556,56.6739948311
1557,94.8005389849
1558,74.3251726801
1559,93.741468314
1560,65.4995837556
1561,78.5614553638
1562,72.5600548952
1563,57.3800419451
1564,65.8526073126
1565,70.0888899963
1566,54.2028299323
1567,87.0340207313
1568,61.6163246288
1569,76.7963375789
1570,51.0256179195
1571,64.4405130847
1572,55.2619006032
1573,76.7963375789
1574,77.5023846929
1575,59.14515973
1576,78.2084318069
1577,56.6739948311
1578,64.4405130847
1579,84.5628558325
1580,64.0874895277
1581,83.1507616046
1582,99.3898452256
1583,69.7358664394
1584,68.6767957684
1585,68.6767957684
1586,56.3209712741
1587,71.8540077812
1588,59.498183287
1589,71.5009842243
1590,60.9102775149
1591,91.9763505291
1592,66.2056308696
1593,54.9088770462
1594,85.6219265034
1595,66.2056308696
1596,61.2633010719
1597,93.0354212
1598,65.8526073126
1599,82.0916909336
1600,58.792136173
1601,53.1437592613
1602,81.3856438197
1603,91.6233269721
1604,61.2633010719
1605,80.3265731487
1606,69.7358664394
1607,77.1493611359
1608,60.5572539579
1609,87.0340207313
1610,68.3237722114
1611,74.6781962371
1612,67.9707486545
1613,79.6205260348
1614,89.5051856302
1615,73.2661020092
1616,65.1465601986
1617,83.5037851616
1618,75.384243351
1619,95.1535625419
1620,88.7991385162
1621,68.6767957684
1622,93.388444757
1623,95.5065860989
1624,78.2084318069
1625,69.3828428824
1626,79.2675024778
1627,52.7907357044
1628,87.7400678453
1629,69.7358664394
1630,70.7949371103
1631,67.2647015405
1632,79.2675024778
1633,81.7386673767
1634,86.3279736174
1635,68.3237722114
1636,53.1437592613
1637,77.1493611359
1638,69.3828428824
1639,63.7344659707
1640,94.0944918709
1641,62.3223717428
1642,73.2661020092
1643,80.6795967057
1644,65.8526073126
1645,83.8568087185
1646,90.2112327442
1647,83.8568087185
1648,63.3814424137
1649,57.0270183881
1650,90.5642563011
1651,53.4967828183
1652,79.6205260348
1653,87.0340207313
1654,71.8540077812
1655,56.3209712741
1656,82.4447144906
1657,85.2689029465
1658,73.9721491231
1659,59.498183287
1660,76.7963375789
1661,53.8498063753
1662,85.6219265034
1663,96.5656567698
1664,89.1521620732
1665,68.3237722114
1666,59.14515973
1667,84.9158793895
1668,55.2619006032
1669,71.1479606673
1670,69.0298193254
1671,63.0284188568
1672,76.443314022
1673,59.8512068439
1674,95.1535625419
1675,99.0368216686
1676,75.384243351
1677,50.6725943625
1678,69.0298193254
1679,72.5600548952
1680,63.7344659707
1681,71.8540077812
1682,73.9721491231
1683,86.6809971744
1684,89.5051856302
1685,65.1465601986
1686,65.1465601986
1687,73.2661020092
1688,96.9186803268
1689,94.8005389849
1690,64.4405130847
1691,65.4995837556
1692,91.6233269721
1693,79.6205260348
1694,96.9186803268
1695,78.5614553638
1696,86.3279736174
1697,77.1493611359
1698,93.388444757
1699,83.8568087185
1700,70.4419135533
1701,94.8005389849
1702,58.439112616
1703,54.2028299323
1704,76.7963375789
1705,54.9088770462
1706,100.09589234
1707,63.0284188568
1708,55.2619006032
1709,100.09589234
1710,95.8596096558
1711,91.9763505291
1712,62.6753952998
1713,83.8568087185
1714,55.2619006032
1715,98.3307745547
1716,53.4967828183
1717,63.7344659707
1718,63.3814424137
1719,72.2070313382
1720,53.1437592613
1721,67.2647015405
1722,72.5600548952
1723,77.8554082499
1724,66.5586544265
1725,94.4475154279
1726,63.3814424137
1727,72.9130784522
1728,94.0944918709
1729,71.5009842243
1730,91.9763505291
1731,99.3898452256
1732,73.6191255661
1733,59.14515973
1734,76.7963375789
1735,63.7344659707
1736,90.5642563011
1737,64.4405130847
1738,54.5558534893
1739,61.9693481858
1740,100.09589234
1741,72.5600548952
1742,50.3195708055
1743,83.1507616046
1744,73.9721491231
1745,58.086089059
1746,83.5037851616
1747,81.3856438197
1748,91.2703034151
1749,73.2661020092
1750,89.8582091872
1751,73.2661020092
1752,96.2126332128
1753,66.9116779835
1754,99.3898452256
1755,57.7330655021
1756,88.0930914023
1757,58.086089059
1758,64.7935366417
1759,98.6837981117
1760,82.0916909336
1761,67.6177250975
1762,49.9665472485
1763,58.792136173
1764,52.4377121474
1765,58.086089059
1766,76.7963375789
1767,77.1493611359
1768,77.5023846929
1769,84.9158793895
1770,63.3814424137
1771,72.2070313382
1772,59.498183287
1773,64.4405130847
1774,94.0944918709
1775,97.6247274407
1776,73.6191255661
1777,60.9102775149
1778,91.2703034151
1779,58.792136173
1780,96.9186803268
1781,58.086089059
1782,69.0298193254
1783,70.7949371103
1784,99.0368216686
1785,60.2042304009
1786,89.1521620732
1787,99.3898452256
1788,77.5023846929
1789,85.9749500604
1790,83.1507616046
1791,94.0944918709
1792,59.14515973
1793,52.4377121474
1794,77.5023846929
1795,75.0312197941
1796,65.4995837556
1797,54.2028299323
1798,97.6247274407
1799,88.0930914023
1800,96.9186803268
1801,55.6149241602
1802,96.5656567698
1803,63.0284188568
1804,93.388444757
1805,57.7330655021
1806,54.9088770462
1807,60.9102775149
1808,93.388444757
1809,82.4447144906
1810,81.0326202627
1811,94.8005389849
1812,54.5558534893
1813,64.4405130847
1814,90.9172798581
1815,81.7386673767
1816,92.329374086
1817,58.792136173
1818,74.3251726801
1819,81.3856438197
1820,94.8005389849
1821,99.7428687826
1822,82.7977380476
1823,98.6837981117
1824,72.5600548952
1825,76.090290465
1826,50.6725943625
1827,76.090290465
1828,55.2619006032
1829,79.6205260348
1830,67.2647015405
1831,70.4419135533
1832,95.1535625419
1833,95.8596096558
1834,63.7344659707
1835,99.0368216686
1836,52.4377121474
1837,83.1507616046
1838,70.4419135533
1839,51.0256179195
1840,77.1493611359
1841,92.329374086
1842,100.09589234
1843,53.8498063753
1844,85.9749500604
1845,87.7400678453
1846,56.6739948311
1847,64.4405130847
1848,88.0930914023
1849,50.6725943625
1850,83.1507616046
1851,89.1521620732
1852,55.2619006032
1853,54.5558534893
1854,56.3209712741
1855,92.682397643
1856,97.6247274407
1857,100.09589234
1858,62.6753952998
1859,99.7428687826
1860,87.7400678453
1861,76.7963375789
1862,89.1521620732
1863,95.1535625419
1864,86.6809971744
1865,63.3814424137
1866,61.6163246288
1867,68.6767957684
1868,61.2633010719
1869,91.9763505291
1870,60.5572539579
1871,73.6191255661
1872,57.0270183881
1873,77.1493611359
1874,52.4377121474
1875,65.4995837556
1876,86.3279736174
1877,50.3195708055
1878,90.5642563011
1879,91.9763505291
1880,68.6767957684
1881,73.6191255661
1882,85.6219265034
1883,78.5614553638
1884,57.3800419451
1885,54.9088770462
1886,89.5051856302
1887,77.5023846929
1888,91.2703034151
1889,64.7935366417
1890,71.8540077812
1891,66.5586544265
1892,88.4461149593
1893,63.7344659707
1894,89.1521620732
1895,58.792136173
1896,87.0340207313
1897,66.2056308696
1898,90.2112327442
1899,66.5586544265
1900,50.3195708055
1901,78.2084318069
1902,90.9172798581
1903,88.0930914023
1904,89.1521620732
1905,95.5065860989
1906,70.7949371103
1907,80.3265731487
1908,92.329374086
1909,96.5656567698
1910,65.8526073126
1911,97.6247274407
1912,61.2633010719
1913,63.3814424137
1914,69.7358664394
1915,97.6247274407
1916,69.3828428824
1917,68.3237722114
1918,90.9172798581
1919,90.2112327442
1920,94.0944918709
1921,69.0298193254
1922,63.3814424137
1923,72.9130784522
1924,87.3870442883
1925,94.4475154279
1926,92.682397643
1927,66.5586544265
1928,86.3279736174
1929,72.5600548952
1930,93.0354212
1931,93.388444757
1932,80.3265731487
1933,87.3870442883
1934,77.8554082499
1935,93.0354212
1936,54.9088770462
1937,99.0368216686
1938,72.9130784522
1939,94.0944918709
1940,72.2070313382
1941,70.0888899963
1942,72.2070313382
1943,54.5558534893
1944,77.5023846929
1945,83.5037851616
1946,59.498183287
1947,49.6135236915
1948,56.6739948311
1949,99.7428687826
1950,50.3195708055
1951,55.9679477172
1952,78.5614553638
1953,67.9707486545
1954,88.4461149593
1955,79.2675024778
1956,52.7907357044
1957,50.6725943625
1958,56.6739948311
1959,73.6191255661
1960,87.0340207313
1961,100.09589234
1962,60.9102775149
1963,66.9116779835
1964,74.6781962371
1965,93.0354212
1966,96.2126332128
1967,90.2112327442
1968,95.8596096558
1969,83.8568087185
1970,58.439112616
1971,69.0298193254
1972,66.9116779835
1973,75.737266908
1974,81.3856438197
1975,80.3265731487
1976,81.3856438197
1977,58.439112616
1978,57.7330655021
1979,87.7400678453
1980,92.682397643
1981,56.3209712741
1982,50.3195708055
1983,53.4967828183
1984,70.4419135533
1985,89.5051856302
1986,94.4475154279
1987,76.443314022
1988,55.9679477172
1989,55.6149241602
1990,96.5656567698
1991,73.6191255661
1992,55.6149241602
1993,65.8526073126
1994,98.6837981117
1995,79.2675024778
1996,97.9777509977
1997,100.09589234
1998,54.9088770462
1999,79.6205260348
2000,74.3251726801
2001,90.5642563011
2002,64.4405130847
2003,84.9158793895
2004,72.2070313382
2005,55.6149241602
2006,87.3870442883
2007,79.9735495918
2008,91.9763505291
2009,75.737266908
2010,56.3209712741
2011,88.4461149593
2012,86.6809971744
2013,83.8568087185
2014,55.6149241602
2015,89.1521620732
2016,70.0888899963
2017,58.792136173
2018,78.2084318069
2019,83.1507616046
2020,74.3251726801
2021,62.6753952998
2022,59.498183287
2023,51.7316650334
2024,58.439112616
2025,55.2619006032
2026,93.388444757
2027,65.8526073126
2028,79.2675024778
2029,76.7963375789
2030,61.9693481858
2031,92.682397643
2032,94.0944918709
2033,76.7963375789
2034,96.2126332128
2035,91.6233269721
2036,92.329374086
2037,55.6149241602
2038,72.2070313382
2039,56.6739948311
2040,71.5009842243
2041,57.0270183881
2042,94.8005389849
2043,64.4405130847
2044,77.1493611359
2045,63.0284188568
2046,77.1493611359
2047,61.2633010719
2048,79.2675024778
2049,93.0354212
2050,63.7344659707
2051,89.1521620732
2052,74.3251726801
2053,52.4377121474
2054,73.6191255661
2055,61.2633010719
2056,59.498183287
2057,51.3786414764
2058,64.7935366417
2059,82.0916909336
2060,81.7386673767
2061,66.5586544265
2062,51.7316650334
2063,59.8512068439
2064,56.6739948311
2065,67.9707486545
2066,60.9102775149
2067,97.2717038837
2068,78.5614553638
2069,52.7907357044
2070,97.2717038837
2071,57.0270183881
2072,100.09589234
2073,91.9763505291
2074,98.3307745547
2075,95.5065860989
2076,98.6837981117
2077,96.9186803268
2078,92.329374086
2079,89.1521620732
2080,66.2056308696
2081,71.1479606673
2082,85.2689029465
2083,56.3209712741
2084,68.3237722114
2085,75.0312197941
2086,72.2070313382
2087,51.3786414764
2088,74.3251726801
2089,58.792136173
2090,50.3195708055
2091,89.5051856302
2092,79.2675024778
2093,77.5023846929
2094,71.1479606673
2095,53.1437592613
2096,68.3237722114
2097,63.3814424137
2098,80.3265731487
2099,85.6219265034
2100,99.3898452256
2101,95.5065860989
2102,91.9763505291
2103,92.329374086
2104,62.3223717428
2105,53.4967828183
2106,96.5656567698
2107,60.5572539579
2108,77.8554082499
2109,76.443314022
2110,55.2619006032
2111,85.9749500604
2112,85.2689029465
2113,70.7949371103
2114,50.3195708055
2115,77.8554082499
2116,93.741468314
2117,72.2070313382
2118,82.7977380476
2119,61.6163246288
2120,94.4475154279
2121,67.2647015405
2122,60.2042304009
2123,69.0298193254
2124,96.9186803268
2125,51.3786414764
2126,76.090290465
2127,71.8540077812
2128,58.439112616
2129,66.9116779835
2130,59.498183287
2131,69.7358664394
2132,93.741468314
2133,60.2042304009
2134,87.3870442883
2135,83.8568087185
2136,57.0270183881
2137,71.8540077812
2138,49.9665472485
2139,84.9158793895
2140,99.3898452256
2141,61.2633010719
2142,84.5628558325
2143,53.4967828183
2144,61.9693481858
2145,95.1535625419
2146,60.5572539579
2147,85.9749500604
2148,59.498183287
2149,97.2717038837
2150,52.7907357044
2151,71.5009842243
2152,96.2126332128
2153,63.7344659707
2154,71.8540077812
2155,58.086089059
2156,54.5558534893
2157,73.6191255661
2158,67.6177250975
2159,61.2633010719
2160,83.8568087185
2161,82.7977380476
2162,86.3279736174
2163,97.9777509977
2164,69.3828428824
2165,91.2703034151
2166,49.9665472485
2167,60.5572539579
2168,54.5558534893
2169,58.439112616
2170,65.4995837556
2171,93.741468314
2172,96.9186803268
2173,58.792136173
2174,99.7428687826
2175,71.8540077812
2176,77.5023846929
2177,50.3195708055
2178,89.1521620732
2179,84.5628558325
2180,91.2703034151
2181,83.8568087185
2182,83.1507616046
2183,53.8498063753
2184,63.3814424137
2185,65.1465601986
2186,97.6247274407
2187,56.6739948311
2188,91.6233269721
2189,56.6739948311
2190,91.9763505291
2191,60.2042304009
2192,56.6739948311
2193,74.6781962371
2194,50.6725943625
2195,99.3898452256
2196,93.0354212
2197,95.5065860989
2198,57.7330655021
2199,53.4967828183
2200,97.9777509977
2201,96.2126332128
2202,97.2717038837
2203,55.6149241602
2204,97.2717038837
2205,69.7358664394
2206,66.5586544265
2207,94.0944918709
2208,87.0340207313
2209,51.7316650334
2210,79.6205260348
2211,80.3265731487
2212,62.6753952998
2213,60.5572539579
2214,87.3870442883
2215,76.090290465
2216,75.737266908
2217,63.7344659707
2218,52.0846885904
2219,87.7400678453
2220,76.443314022
2221,86.6809971744
2222,77.5023846929
2223,52.0846885904
2224,80.3265731487
2225,88.0930914023
2226,66.5586544265
2227,98.3307745547
2228,52.0846885904
2229,90.5642563011
2230,59.498183287
2231,93.741468314
2232,54.2028299323
2233,99.3898452256
2234,64.7935366417
2235,87.0340207313
2236,49.6135236915
2237,89.5051856302
2238,63.7344659707
2239,64.4405130847
2240,97.9777509977
2241,84.9158793895
2242,70.0888899963
2243,98.3307745547
2244,84.5628558325
2245,70.4419135533
2246,59.14515973
2247,62.3223717428
2248,98.3307745547
2249,98.6837981117
2250,84.9158793895
2251,72.5600548952
2252,91.6233269721
2253,93.741468314
2254,75.384243351
2255,89.1521620732
2256,49.6135236915
2257,74.6781962371
2258,52.7907357044
2259,72.9130784522
2260,83.1507616046
2261,65.8526073126
2262,98.6837981117
2263,100.09589234
2264,57.3800419451
2265,58.439112616
2266,93.741468314
2267,83.8568087185
2268,68.3237722114
2269,49.9665472485
2270,73.6191255661
2271,54.5558534893
2272,76.443314022
2273,95.5065860989
2274,65.1465601986
2275,59.8512068439
2276,67.6177250975
2277,50.6725943625
2278,88.4461149593
2279,93.741468314
2280,54.2028299323
2281,68.3237722114
2282,80.6795967057
2283,62.6753952998
2284,88.0930914023
2285,62.6753952998
2286,89.8582091872
2287,80.3265731487
2288,50.6725943625
2289,97.9777509977
2290,94.0944918709
2291,78.5614553638
2292,93.388444757
2293,76.443314022
2294,93.388444757
2295,97.2717038837
2296,50.3195708055
2297,89.1521620732
2298,58.086089059
2299,64.4405130847
2300,75.737266908
2301,90.5642563011
2302,70.0888899963
2303,64.7935366417
2304,97.6247274407
2305,86.3279736174
2306,55.6149241602
2307,87.7400678453
2308,86.6809971744
2309,60.2042304009
2310,96.5656567698
2311,56.3209712741
2312,84.2098322755
2313,99.7428687826
2314,52.4377121474
2315,97.2717038837
2316,97.9777509977
2317,81.3856438197
2318,64.0874895277
2319,88.0930914023
2320,68.6767957684
2321,56.6739948311
2322,71.5009842243
2323,96.9186803268
2324,78.5614553638
2325,70.4419135533
2326,73.6191255661
2327,95.1535625419
2328,73.9721491231
2329,92.682397643
2330,59.14515973
2331,55.9679477172
2332,88.4461149593
2333,74.3251726801
2334,83.5037851616
2335,82.0916909336
2336,93.0354212
2337,68.6767957684
2338,80.6795967057
2339,58.086089059
2340,89.8582091872
2341,49.6135236915
2342,51.0256179195
2343,58.439112616
2344,88.7991385162
2345,90.5642563011
2346,80.3265731487
2347,92.682397643
2348,74.6781962371
2349,80.6795967057
2350,86.6809971744
2351,67.2647015405
2352,52.4377121474
2353,97.2717038837
2354,54.5558534893
2355,68.6767957684
2356,76.443314022
2357,50.6725943625
2358,63.3814424137
2359,90.2112327442
2360,76.090290465
2361,74.6781962371
2362,66.5586544265
2363,98.6837981117
2364,52.0846885904
2365,91.6233269721
2366,95.8596096558
2367,71.5009842243
2368,77.5023846929
2369,81.3856438197
2370,65.4995837556
2371,57.7330655021
2372,57.3800419451
2373,100.09589234
2374,49.9665472485
2375,64.4405130847
2376,95.8596096558
2377,77.5023846929
2378,54.9088770462
2379,50.3195708055
2380,71.1479606673
2381,93.388444757
2382,94.8005389849
2383,89.8582091872
2384,89.8582091872
2385,63.3814424137
2386,70.7949371103
2387,79.6205260348
2388,64.0874895277
2389,95.1535625419
2390,49.9665472485
2391,66.5586544265
2392,55.2619006032
2393,51.3786414764
2394,89.1521620732
2395,98.6837981117
2396,52.7907357044
2397,62.6753952998
2398,88.0930914023
2399,55.9679477172
2400,77.1493611359
2401,82.0916909336
2402,88.4461149593
2403,99.3898452256
2404,55.9679477172
2405,65.8526073126
2406,82.7977380476
2407,57.3800419451
2408,66.9116779835
2409,93.388444757
2410,57.0270183881
2411,57.0270183881
2412,95.5065860989
2413,77.5023846929
2414,55.9679477172
2415,67.2647015405
2416,60.5572539579
2417,76.443314022
2418,65.1465601986
2419,73.2661020092
2420,96.9186803268
2421,70.0888899963
2422,63.7344659707
2423,90.2112327442
2424,75.384243351
2425,75.384243351
2426,75.384243351
2427,88.7991385162
2428,74.3251726801
2429,88.4461149593
2430,85.9749500604
2431,87.0340207313
2432,87.7400678453
2433,88.0930914023
2434,77.1493611359
2435,85.2689029465
2436,52.4377121474
2437,57.0270183881
2438,95.1535625419
2439,83.1507616046
2440,96.9186803268
2441,52.0846885904
2442,92.682397643
2443,83.5037851616
2444,58.086089059
2445,66.5586544265
2446,88.7991385162
2447,64.4405130847
2448,75.384243351
2449,72.5600548952
2450,61.6163246288
2451,51.7316650334
2452,91.2703034151
2453,73.6191255661
2454,64.0874895277
2455,97.9777509977
2456,72.9130784522
2457,94.4475154279
2458,72.2070313382
2459,60.9102775149
2460,55.9679477172
2461,78.9144789208
2462,56.3209712741
2463,64.4405130847
2464,87.0340207313
2465,97.2717038837
2466,86.6809971744
2467,78.9144789208
2468,65.8526073126
2469,94.8005389849
2470,81.7386673767
2471,62.3223717428
2472,53.4967828183
2473,69.7358664394
2474,79.6205260348
2475,66.2056308696
2476,55.6149241602
2477,94.4475154279
2478,82.4447144906
2479,93.388444757
2480,98.6837981117
2481,80.6795967057
2482,52.7907357044
2483,100.09589234
2484,77.8554082499
2485,65.1465601986
2486,69.3828428824
2487,97.6247274407
2488,76.090290465
2489,74.6781962371
2490,60.9102775149
2491,80.6795967057
2492,96.2126332128
2493,53.8498063753
2494,97.6247274407
2495,76.090290465
2496,70.0888899963
2497,97.2717038837
2498,53.1437592613
2499,89.8582091872
2500,49.6135236915
2501,95.5065860989
2502,53.8498063753
2503,70.7949371103
2504,54.2028299323
2505,67.9707486545
2506,66.2056308696
2507,71.1479606673
2508,98.6837981117
2509,90.2112327442
2510,97.6247274407
2511,58.439112616
2512,82.4447144906
2513,76.443314022
2514,90.9172798581
2515,100.09589234
2516,81.3856438197
2517,84.5628558325
2518,53.8498063753
2519,74.3251726801
2520,93.741468314
2521,89.1521620732
2522,88.4461149593
2523,96.2126332128
2524,91.6233269721
2525,60.9102775149
2526,90.5642563011
2527,53.8498063753
2528,86.6809971744
2529,68.3237722114
2530,77.8554082499
2531,82.0916909336
2532,92.329374086
2533,51.7316650334
2534,99.3898452256
2535,51.0256179195
2536,89.1521620732
2537,96.9186803268
2538,91.9763505291
2539,96.9186803268
2540,83.1507616046
2541,61.6163246288
2542,63.7344659707
2543,68.6767957684
2544,69.7358664394
2545,61.9693481858
2546,74.3251726801
2547,78.9144789208
2548,79.6205260348
2549,50.6725943625
2550,92.329374086
2551,92.329374086
2552,75.384243351
2553,87.3870442883
2554,60.2042304009
2555,85.9749500604
2556,83.5037851616
2557,88.7991385162
2558,83.5037851616
2559,66.9116779835
2560,80.6795967057
2561,67.2647015405
2562,93.741468314
2563,66.5586544265
2564,88.0930914023
2565,64.0874895277
2566,96.9186803268
2567,49.6135236915
2568,53.1437592613
2569,84.9158793895
2570,53.1437592613
2571,79.2675024778
2572,96.9186803268
2573,52.0846885904
2574,97.9777509977
2575,76.090290465
2576,71.5009842243
2577,51.7316650334
2578,93.741468314
2579,67.9707486545
2580,50.3195708055
2581,88.4461149593
2582,94.8005389849
2583,83.8568087185
2584,54.9088770462
2585,91.9763505291
2586,99.7428687826
2587,75.0312197941
2588,51.0256179195
2589,75.384243351
2590,59.498183287
2591,92.329374086
2592,90.5642563011
2593,51.3786414764
2594,58.439112616
2595,53.1437592613
2596,49.9665472485
2597,97.2717038837
2598,56.6739948311
2599,91.6233269721
2600,65.4995837556
2601,99.0368216686
2602,60.2042304009
2603,97.2717038837
2604,53.4967828183
2605,97.2717038837
2606,83.5037851616
2607,51.7316650334
2608,75.384243351
2609,59.8512068439
2610,69.3828428824
2611,54.2028299323
2612,94.4475154279
2613,74.3251726801
2614,87.0340207313
2615,95.8596096558
2616,51.3786414764
2617,94.4475154279
2618,54.5558534893
2619,82.7977380476
2620,50.6725943625
2621,65.1465601986
2622,97.2717038837
2623,55.9679477172
2624,98.3307745547
2625,67.6177250975
2626,98.3307745547
2627,50.3195708055
2628,80.3265731487
2629,57.7330655021
2630,65.4995837556
2631,98.3307745547
2632,60.2042304009
2633,66.5586544265
2634,81.0326202627
2635,100.09589234
2636,91.6233269721
2637,49.6135236915
2638,99.0368216686
2639,91.2703034151
2640,89.5051856302
2641,71.1479606673
2642,83.1507616046
2643,87.3870442883
2644,73.2661020092
2645,65.1465601986
2646,88.0930914023
2647,56.3209712741
2648,84.5628558325
2649,88.0930914023
2650,87.7400678453
2651,59.14515973
2652,90.5642563011
2653,54.2028299323
2654,50.6725943625
2655,71.5009842243
2656,63.3814424137
2657,68.3237722114
2658,79.6205260348
2659,85.2689029465
2660,62.3223717428
2661,83.8568087185
2662,59.8512068439
2663,76.090290465
2664,79.9735495918
2665,53.8498063753
2666,90.9172798581
2667,95.1535625419
2668,84.2098322755
2669,97.9777509977
2670,95.5065860989
2671,81.7386673767
2672,93.388444757
2673,67.6177250975
2674,80.6795967057
2675,54.9088770462
2676,53.8498063753
2677,72.9130784522
2678,98.6837981117
2679,77.8554082499
2680,75.384243351
2681,72.5600548952
2682,53.8498063753
2683,55.9679477172
2684,88.4461149593
2685,72.9130784522
2686,85.2689029465
2687,95.1535625419
2688,94.8005389849
2689,94.8005389849
2690,81.7386673767
2691,83.1507616046
2692,96.9186803268
2693,62.6753952998
2694,79.2675024778
2695,62.6753952998
2696,66.9116779835
2697,57.0270183881
2698,96.5656567698
2699,60.9102775149
2700,50.6725943625
2701,51.3786414764
2702,84.5628558325
2703,96.2126332128
2704,96.9186803268
2705,91.9763505291
2706,79.2675024778
2707,93.0354212
2708,86.6809971744
2709,73.9721491231
2710,96.2126332128
2711,57.0270183881
2712,83.1507616046
2713,84.2098322755
2714,53.8498063753
2715,59.8512068439
2716,72.9130784522
2717,96.2126332128
2718,81.7386673767
2719,51.7316650334
2720,99.0368216686
2721,93.741468314
2722,76.090290465
2723,61.9693481858
2724,55.2619006032
2725,94.4475154279
2726,83.1507616046
2727,81.0326202627
2728,74.3251726801
2729,58.792136173
2730,79.2675024778
2731,63.3814424137
2732,78.5614553638
2733,57.3800419451
2734,95.8596096558
2735,64.7935366417
2736,78.9144789208
2737,81.7386673767
2738,53.1437592613
2739,89.5051856302
2740,88.0930914023
2741,99.0368216686
2742,49.6135236915
2743,95.8596096558
2744,86.6809971744
2745,78.9144789208
2746,56.6739948311
2747,61.2633010719
2748,53.1437592613
2749,93.388444757
2750,87.0340207313
2751,50.6725943625
2752,82.0916909336
2753,71.8540077812
2754,82.4447144906
2755,76.443314022
2756,79.6205260348
2757,72.5600548952
2758,92.682397643
2759,54.5558534893
2760,76.7963375789
2761,95.8596096558
2762,81.7386673767
2763,65.4995837556
2764,90.5642563011
2765,65.1465601986
2766,73.6191255661
2767,85.2689029465
2768,60.2042304009
2769,56.3209712741
2770,66.2056308696
2771,68.6767957684
2772,57.0270183881
2773,58.439112616
2774,52.7907357044
2775,72.2070313382
2776,98.3307745547
2777,55.6149241602
2778,63.3814424137
2779,59.8512068439
2780,96.5656567698
2781,82.0916909336
2782,98.3307745547
2783,73.2661020092
2784,65.1465601986
2785,56.3209712741
2786,51.7316650334
2787,82.7977380476
2788,85.9749500604
2789,97.9777509977
2790,76.443314022
2791,62.3223717428
2792,82.4447144906
2793,61.2633010719
2794,67.9707486545
2795,64.7935366417
2796,53.8498063753
2797,76.7963375789
2798,94.0944918709
2799,58.439112616
2800,84.5628558325
2801,69.0298193254
2802,76.7963375789
2803,82.4447144906
2804,72.5600548952
2805,85.9749500604
2806,95.1535625419
2807,94.8005389849
2808,62.3223717428
2809,70.4419135533
2810,79.2675024778
2811,57.7330655021
2812,70.0888899963
2813,56.3209712741
2814,81.3856438197
2815,50.3195708055
2816,66.2056308696
2817,91.9763505291
2818,75.737266908
2819,54.5558534893
2820,56.6739948311
2821,84.5628558325
2822,79.2675024778
2823,88.0930914023
2824,87.7400678453
2825,55.2619006032
2826,50.3195708055
2827,81.7386673767
2828,88.0930914023
2829,61.6163246288
2830,97.2717038837
2831,58.439112616
2832,95.8596096558
2833,72.5600548952
2834,57.7330655021
2835,97.6247274407
2836,81.7386673767
2837,56.6739948311
2838,60.2042304009
2839,81.0326202627
2840,59.14515973
2841,99.7428687826
2842,55.9679477172
2843,75.384243351
2844,71.8540077812
2845,87.3870442883
2846,50.3195708055
2847,85.6219265034
2848,77.1493611359
2849,97.2717038837
2850,57.0270183881
2851,76.443314022
2852,76.7963375789
2853,84.2098322755
2854,56.3209712741
2855,95.5065860989
2856,52.4377121474
2857,83.8568087185
2858,55.2619006032
2859,64.0874895277
2860,54.9088770462
2861,76.090290465
2862,71.8540077812
2863,81.3856438197
2864,62.3223717428
2865,71.5009842243
2866,62.3223717428
2867,60.9102775149
2868,80.6795967057
2869,81.0326202627
2870,96.2126332128
2871,51.7316650334
2872,99.7428687826
2873,85.2689029465
2874,77.1493611359
2875,91.6233269721
2876,61.2633010719
2877,88.7991385162
2878,58.439112616
2879,54.2028299323
2880,56.3209712741
2881,55.9679477172
2882,66.2056308696
2883,60.9102775149
2884,90.9172798581
2885,77.8554082499
2886,69.7358664394
2887,67.9707486545
2888,87.0340207313
2889,84.5628558325
2890,61.2633010719
2891,63.0284188568
2892,63.7344659707
2893,53.8498063753
2894,84.5628558325
2895,64.4405130847
2896,79.2675024778
2897,77.1493611359
2898,79.6205260348
2899,79.2675024778
2900,60.2042304009
2901,66.5586544265
2902,94.8005389849
2903,52.7907357044
2904,80.3265731487
2905,59.14515973
2906,79.2675024778
2907,91.9763505291
2908,60.9102775149
2909,86.6809971744
2910,63.0284188568
2911,97.2717038837
2912,68.3237722114
2913,66.2056308696
2914,81.3856438197
2915,70.0888899963
2916,96.2126332128
2917,53.1437592613
2918,94.0944918709
2919,60.2042304009
2920,71.5009842243
2921,61.9693481858
2922,64.0874895277
2923,57.3800419451
2924,57.7330655021
2925,73.2661020092
2926,54.9088770462
2927,97.2717038837
2928,75.384243351
2929,72.2070313382
2930,98.3307745547
2931,95.8596096558
2932,87.3870442883
2933,58.086089059
2934,85.9749500604
2935,90.9172798581
2936,67.6177250975
2937,95.5065860989
2938,54.2028299323
2939,70.7949371103
2940,71.1479606673
2941,63.0284188568
2942,65.8526073126
2943,77.1493611359
2944,97.6247274407
2945,51.3786414764
2946,60.2042304009
2947,60.9102775149
2948,52.4377121474
2949,65.4995837556
2950,57.0270183881
2951,79.6205260348
2952,73.6191255661
2953,75.384243351
2954,91.2703034151
2955,88.4461149593
2956,63.0284188568
2957,70.7949371103
2958,66.2056308696
2959,90.5642563011
2960,68.6767957684
2961,54.5558534893
2962,78.9144789208
2963,89.1521620732
2964,73.6191255661
2965,61.6163246288
2966,67.9707486545
2967,72.2070313382
2968,93.741468314
2969,99.7428687826
2970,52.7907357044
2971,67.9707486545
2972,65.8526073126
2973,61.2633010719
2974,74.3251726801
2975,84.2098322755
2976,84.5628558325
2977,77.8554082499
2978,81.0326202627
2979,54.2028299323
2980,83.1507616046
2981,69.3828428824
2982,72.5600548952
2983,63.3814424137
2984,53.1437592613
2985,71.8540077812
2986,51.7316650334
2987,77.8554082499
2988,64.4405130847
2989,87.7400678453
2990,97.6247274407
2991,97.6247274407
2992,80.3265731487
2993,55.2619006032
2994,57.0270183881
2995,72.5600548952
2996,49.6135236915
2997,76.7963375789
2998,89.1521620732
2999,59.498183287
3000,60.2042304009
3001,58.439112616
3002,80.6795967057
3003,62.3223717428
3004,90.2112327442
3005,52.0846885904
3006,60.9102775149
3007,83.5037851616
3008,53.8498063753
3009,96.9186803268
3010,94.0944918709
3011,62.6753952998
3012,78.9144789208
3013,99.7428687826
3014,56.3209712741
3015,68.6767957684
3016,55.6149241602
3017,78.2084318069
3018,82.0916909336
3019,76.090290465
3020,72.9130784522
3021,55.9679477172
3022,88.7991385162
3023,97.9777509977
3024,79.9735495918
3025,66.9116779835
3026,52.7907357044
3027,75.0312197941
3028,99.7428687826
3029,49.6135236915
3030,91.6233269721
3031,64.7935366417
3032,69.7358664394
3033,51.3786414764
3034,73.6191255661
3035,81.7386673767
3036,92.329374086
3037,56.6739948311
3038,92.682397643
3039,88.4461149593
3040,83.8568087185
3041,50.6725943625
3042,85.2689029465
3043,58.439112616
3044,89.1521620732
3045,70.0888899963
3046,63.7344659707
3047,92.329374086
3048,84.9158793895
3049,95.1535625419
3050,59.14515973
3051,77.1493611359
3052,77.8554082499
3053,50.6725943625
3054,90.2112327442
3055,93.388444757
3056,88.7991385162
3057,87.7400678453
3058,53.4967828183
3059,81.0326202627
3060,66.9116779835
3061,79.9735495918
3062,66.9116779835
3063,69.3828428824
3064,84.9158793895
3065,72.5600548952
3066,78.9144789208
3067,66.9116779835
3068,73.2661020092
3069,82.7977380476
3070,92.682397643
3071,75.737266908
3072,68.3237722114
3073,93.388444757
3074,64.7935366417
3075,91.9763505291
3076,82.4447144906
3077,70.7949371103
3078,86.3279736174
3079,62.6753952998
3080,55.2619006032
3081,59.8512068439
3082,55.6149241602
3083,78.9144789208
3084,80.3265731487
3085,67.9707486545
3086,71.8540077812
3087,96.2126332128
3088,92.682397643
3089,79.2675024778
3090,84.2098322755
3091,73.9721491231
3092,97.2717038837
3093,56.6739948311
3094,68.3237722114
3095,51.7316650334
3096,95.8596096558
3097,97.9777509977
3098,69.7358664394
3099,54.5558534893
3100,76.7963375789
3101,63.3814424137
3102,66.9116779835
3103,57.3800419451
3104,65.4995837556
3105,52.0846885904
3106,71.5009842243
3107,79.2675024778
3108,63.0284188568
3109,54.2028299323
3110,82.7977380476
3111,97.2717038837
3112,94.0944918709
3113,69.7358664394
3114,65.1465601986
3115,63.3814424137
3116,84.9158793895
3117,84.5628558325
3118,77.5023846929
3119,82.4447144906
3120,87.7400678453
3121,83.1507616046
3122,71.5009842243
3123,87.0340207313
3124,78.2084318069
3125,60.9102775149
3126,93.0354212
3127,91.9763505291
3128,56.3209712741
3129,97.9777509977
3130,73.6191255661
3131,83.1507616046
3132,81.7386673767
3133,73.2661020092
3134,51.0256179195
3135,97.9777509977
3136,89.1521620732
3137,80.3265731487
3138,98.6837981117
3139,53.4967828183
3140,55.2619006032
3141,96.9186803268
3142,81.3856438197
3143,54.5558534893
3144,76.090290465
3145,83.8568087185
3146,54.9088770462
3147,90.2112327442
3148,80.3265731487
3149,69.3828428824
3150,55.2619006032
3151,85.9749500604
3152,83.5037851616
3153,77.1493611359
3154,80.6795967057
3155,65.1465601986
3156,53.1437592613
3157,57.7330655021
3158,84.5628558325
3159,99.3898452256
3160,95.1535625419
3161,71.1479606673
3162,96.2126332128
3163,71.5009842243
3164,83.5037851616
3165,58.439112616
3166,69.0298193254
3167,88.4461149593
3168,96.5656567698
3169,53.8498063753
3170,62.6753952998
3171,84.2098322755
3172,96.2126332128
3173,95.1535625419
3174,94.0944918709
3175,93.741468314
3176,82.7977380476
3177,69.7358664394
3178,90.2112327442
3179,50.6725943625
3180,71.5009842243
3181,81.3856438197
3182,53.1437592613
3183,79.6205260348
3184,65.1465601986
3185,98.6837981117
3186,77.5023846929
3187,72.9130784522
3188,60.5572539579
3189,96.9186803268
3190,65.8526073126
3191,77.1493611359
3192,75.737266908
3193,67.6177250975
3194,59.14515973
3195,52.7907357044
3196,81.0326202627
3197,50.3195708055
3198,93.388444757
3199,61.6163246288
3200,58.439112616
3201,91.9763505291
3202,50.6725943625
3203,69.7358664394
3204,90.9172798581
3205,64.4405130847
3206,57.0270183881
3207,88.4461149593
3208,76.443314022
3209,86.6809971744
3210,70.0888899963
3211,95.8596096558
3212,76.443314022
3213,90.5642563011
3214,54.9088770462
3215,89.5051856302
3216,72.5600548952
3217,77.5023846929
3218,51.0256179195
3219,74.6781962371
3220,60.2042304009
3221,53.4967828183
3222,79.9735495918
3223,78.2084318069
3224,52.0846885904
3225,78.2084318069
3226,78.9144789208
3227,63.7344659707
3228,55.2619006032
3229,70.4419135533
3230,60.9102775149
3231,71.8540077812
3232,97.9777509977
3233,60.5572539579
3234,88.4461149593
3235,89.1521620732
3236,69.0298193254
3237,94.4475154279
3238,60.5572539579
3239,90.2112327442
3240,87.0340207313
3241,63.0284188568
3242,85.6219265034
3243,61.9693481858
3244,71.5009842243
3245,64.0874895277
3246,69.0298193254
3247,88.0930914023
3248,54.9088770462
3249,64.0874895277
3250,50.6725943625
3251,57.7330655021
3252,73.6191255661
3253,90.9172798581
3254,76.090290465
3255,56.3209712741
3256,93.388444757
3257,87.3870442883
3258,72.2070313382
3259,53.1437592613
3260,70.4419135533
3261,96.5656567698
3262,75.0312197941
3263,89.5051856302
3264,55.6149241602
3265,79.9735495918
3266,66.9116779835
3267,62.3223717428
3268,56.3209712741
3269,76.7963375789
3270,59.14515973
3271,51.0256179195
3272,95.8596096558
3273,90.9172798581
3274,98.6837981117
3275,52.7907357044
3276,61.2633010719
3277,99.7428687826
3278,79.6205260348
3279,51.0256179195
3280,52.4377121474
3281,86.3279736174
3282,55.6149241602
3283,94.8005389849
3284,83.8568087185
3285,73.6191255661
3286,73.9721491231
3287,72.5600548952
3288,73.2661020092
3289,56.6739948311
3290,84.2098322755
3291,68.6767957684
3292,58.792136173
3293,79.6205260348
3294,57.3800419451
3295,78.5614553638
3296,96.9186803268
3297,66.2056308696
3298,54.2028299323
3299,70.4419135533
3300,52.4377121474
3301,81.0326202627
3302,81.3856438197
3303,51.7316650334
3304,76.443314022
3305,54.5558534893
3306,76.090290465
3307,62.3223717428
3308,76.090290465
3309,84.5628558325
3310,90.9172798581
3311,99.0368216686
3312,51.7316650334
3313,93.741468314
3314,61.9693481858
3315,96.2126332128
3316,68.3237722114
3317,69.7358664394
3318,61.6163246288
3319,55.2619006032
3320,96.9186803268
3321,53.8498063753
3322,67.6177250975
3323,66.2056308696
3324,58.792136173
3325,99.7428687826
3326,93.741468314
3327,96.5656567698
3328,84.2098322755
3329,78.9144789208
3330,94.0944918709
3331,60.2042304009
3332,99.0368216686
3333,100.09589234
3334,84.9158793895
3335,50.3195708055
3336,96.5656567698
3337,91.6233269721
3338,51.7316650334
3339,83.1507616046
3340,51.0256179195
3341,59.498183287
3342,59.8512068439
3343,59.498183287
3344,65.4995837556
3345,69.7358664394
3346,62.6753952998
3347,67.2647015405
3348,59.498183287
3349,88.4461149593
3350,85.2689029465
3351,99.7428687826
3352,82.7977380476
3353,68.3237722114
3354,75.384243351
3355,80.6795967057
3356,79.9735495918
3357,60.9102775149
3358,86.3279736174
3359,87.0340207313
3360,99.3898452256
3361,63.0284188568
3362,51.7316650334
3363,79.6205260348
3364,53.8498063753
3365,76.090290465
3366,100.09589234
3367,86.3279736174
3368,77.5023846929
3369,59.14515973
3370,62.6753952998
3371,67.2647015405
3372,69.3828428824
3373,77.8554082499
3374,94.8005389849
3375,97.2717038837
3376,99.7428687826
3377,97.6247274407
3378,67.9707486545
3379,67.2647015405
3380,76.443314022
3381,70.4419135533
3382,80.6795967057
3383,67.9707486545
3384,72.9130784522
3385,72.9130784522
3386,61.6163246288
3387,98.3307745547
3388,74.3251726801
3389,67.2647015405
3390,55.6149241602
3391,67.2647015405
3392,99.0368216686
3393,69.0298193254
3394,82.0916909336
3395,50.3195708055
3396,70.7949371103
3397,53.1437592613
3398,71.5009842243
3399,56.6739948311
3400,67.6177250975
3401,82.0916909336
3402,52.0846885904
3403,64.7935366417
3404,52.4377121474
3405,52.7907357044
3406,95.5065860989
3407,96.2126332128
3408,88.0930914023
3409,94.0944918709
3410,98.6837981117
3411,59.498183287
3412,99.3898452256
3413,55.9679477172
3414,86.6809971744
3415,86.6809971744
3416,79.2675024778
3417,96.2126332128
3418,67.9707486545
3419,66.9116779835
3420,60.5572539579
3421,68.6767957684
3422,52.4377121474
3423,94.4475154279
3424,61.9693481858
3425,58.086089059
3426,70.0888899963
3427,74.6781962371
3428,95.1535625419
3429,69.3828428824
3430,88.0930914023
3431,79.9735495918
3432,61.6163246288
3433,60.5572539579
3434,59.498183287
3435,84.2098322755
3436,82.4447144906
3437,55.9679477172
3438,55.2619006032
3439,53.8498063753
3440,71.5009842243
3441,84.2098322755
3442,75.384243351
3443,67.2647015405
3444,89.1521620732
3445,59.8512068439
3446,84.5628558325
3447,67.2647015405
3448,98.3307745547
3449,98.6837981117
3450,78.9144789208
3451,85.2689029465
3452,95.1535625419
3453,91.2703034151
3454,88.7991385162
3455,74.3251726801
3456,97.6247274407
3457,83.5037851616
3458,73.2661020092
3459,58.792136173
3460,85.9749500604
3461,92.682397643
3462,50.6725943625
3463,56.3209712741
3464,86.3279736174
3465,83.5037851616
3466,51.7316650334
3467,75.384243351
3468,57.3800419451
3469,95.8596096558
3470,87.3870442883
3471,54.5558534893
3472,49.9665472485
3473,54.5558534893
3474,93.741468314
3475,78.9144789208
3476,49.6135236915
3477,49.9665472485
3478,85.2689029465
3479,79.6205260348
3480,70.0888899963
3481,89.5051856302
3482,64.4405130847
3483,70.4419135533
3484,79.9735495918
3485,89.8582091872
3486,99.3898452256
3487,64.0874895277
3488,86.3279736174
3489,83.1507616046
3490,85.6219265034
3491,52.4377121474
3492,64.0874895277
3493,66.5586544265
3494,70.7949371103
3495,99.7428687826
3496,65.8526073126
3497,70.0888899963
3498,97.9777509977
3499,71.8540077812
3500,96.2126332128
3501,83.8568087185
3502,52.0846885904
3503,74.6781962371
3504,66.9116779835
3505,53.8498063753
3506,64.0874895277
3507,59.498183287
3508,73.9721491231
3509,86.3279736174
3510,99.0368216686
3511,100.09589234
3512,80.6795967057
3513,83.8568087185
3514,67.9707486545
3515,93.388444757
3516,93.388444757
3517,85.6219265034
3518,98.6837981117
3519,95.8596096558
3520,75.384243351
3521,90.2112327442
3522,61.9693481858
3523,94.4475154279
3524,93.0354212
3525,99.3898452256
3526,67.9707486545
3527,49.6135236915
3528,75.384243351
3529,52.0846885904
3530,85.9749500604
3531,77.8554082499
3532,90.9172798581
3533,76.7963375789
3534,79.9735495918
3535,63.3814424137
3536,90.9172798581
3537,95.5065860989
3538,65.1465601986
3539,76.090290465
3540,92.682397643
3541,56.3209712741
3542,75.0312197941
3543,73.2661020092
3544,99.0368216686
3545,58.439112616
3546,65.1465601986
3547,58.792136173
3548,60.2042304009
3549,91.2703034151
3550,64.4405130847
3551,63.7344659707
3552,63.0284188568
3553,52.4377121474
3554,81.7386673767
3555,88.4461149593
3556,84.5628558325
3557,90.9172798581
3558,56.3209712741
3559,53.1437592613
3560,63.0284188568
3561,57.3800419451
3562,88.4461149593
3563,52.0846885904
3564,95.1535625419
3565,73.9721491231
3566,53.1437592613
3567,57.0270183881
3568,67.9707486545
3569,95.8596096558
3570,97.9777509977
3571,58.792136173
3572,77.5023846929
3573,74.3251726801
3574,53.8498063753
3575,95.5065860989
3576,57.3800419451
3577,86.6809971744
3578,98.3307745547
3579,62.3223717428
3580,66.5586544265
3581,99.0368216686
3582,63.3814424137
3583,71.1479606673
3584,78.5614553638
3585,100.09589234
3586,93.741468314
3587,94.8005389849
3588,82.4447144906
3589,70.0888899963
3590,85.9749500604
3591,58.792136173
3592,68.3237722114
3593,79.2675024778
3594,83.8568087185
3595,53.4967828183
3596,56.6739948311
3597,63.7344659707
3598,87.0340207313
3599,69.0298193254
3600,97.2717038837
3601,99.7428687826
3602,85.6219265034
3603,59.8512068439
3604,94.0944918709
3605,81.7386673767
3606,63.3814424137
3607,79.6205260348
3608,77.5023846929
3609,85.9749500604
3610,58.792136173
3611,58.792136173
3612,73.9721491231
3613,51.0256179195
3614,59.498183287
3615,51.3786414764
3616,59.498183287
3617,74.3251726801
3618,57.0270183881
3619,72.9130784522
3620,52.4377121474
3621,81.3856438197
3622,68.6767957684
3623,51.0256179195
3624,68.3237722114
3625,87.7400678453
3626,91.6233269721
3627,54.2028299323
3628,55.6149241602
3629,83.8568087185
3630,91.9763505291
3631,83.1507616046
3632,93.741468314
3633,66.9116779835
3634,54.5558534893
3635,49.9665472485
3636,51.3786414764
3637,84.2098322755
3638,63.7344659707
3639,97.6247274407
3640,94.8005389849
3641,54.9088770462
3642,55.9679477172
3643,59.8512068439
3644,60.5572539579
3645,71.1479606673
3646,97.6247274407
3647,89.1521620732
3648,95.8596096558
3649,66.9116779835
3650,83.1507616046
3651,51.3786414764
3652,61.9693481858
3653,99.0368216686
3654,82.4447144906
3655,72.5600548952
3656,97.2717038837
3657,54.9088770462
3658,71.8540077812
3659,76.443314022
3660,82.7977380476
3661,95.5065860989
3662,79.6205260348
3663,49.6135236915
3664,85.9749500604
3665,64.0874895277
3666,93.388444757
3667,52.4377121474
3668,98.3307745547
3669,55.9679477172
3670,99.7428687826
3671,68.3237722114
3672,83.8568087185
3673,92.682397643
3674,70.7949371103
3675,62.6753952998
3676,69.0298193254
3677,96.2126332128
3678,56.3209712741
3679,59.498183287
3680,69.3828428824
3681,85.9749500604
3682,85.2689029465
3683,77.5023846929
3684,67.2647015405
3685,75.0312197941
3686,59.8512068439
3687,75.737266908
3688,56.3209712741
3689,55.2619006032
3690,83.8568087185
3691,82.4447144906
3692,85.9749500604
3693,53.1437592613
3694,95.5065860989
3695,92.329374086
3696,95.8596096558
3697,61.6163246288
3698,87.7400678453
3699,85.9749500604
3700,96.5656567698
3701,81.7386673767
3702,65.4995837556
3703,91.6233269721
3704,71.8540077812
3705,49.6135236915
3706,96.5656567698
3707,82.7977380476
3708,100.09589234
3709,59.8512068439
3710,64.7935366417
3711,65.4995837556
3712,84.2098322755
3713,72.9130784522
3714,99.3898452256
3715,53.8498063753
3716,75.737266908
3717,95.1535625419
3718,57.7330655021
3719,84.5628558325
3720,69.0298193254
3721,72.9130784522
3722,90.9172798581
3723,87.0340207313
3724,84.5628558325
3725,93.0354212
3726,74.3251726801
3727,60.5572539579
3728,93.0354212
3729,69.0298193254
3730,93.388444757
3731,63.3814424137
3732,85.9749500604
3733,94.4475154279
3734,93.0354212
3735,75.737266908
3736,80.6795967057
3737,65.1465601986
3738,89.8582091872
3739,49.9665472485
3740,95.5065860989
3741,77.5023846929
3742,55.9679477172
3743,78.5614553638
3744,92.329374086
3745,54.9088770462
3746,61.2633010719
3747,73.6191255661
3748,64.0874895277
3749,98.6837981117
3750,84.5628558325
3751,88.7991385162
3752,87.0340207313
3753,51.0256179195
3754,53.4967828183
3755,74.6781962371
3756,98.3307745547
3757,79.2675024778
3758,63.3814424137
3759,80.6795967057
3760,96.5656567698
3761,99.0368216686
3762,93.0354212
3763,94.0944918709
3764,65.4995837556
3765,90.2112327442
3766,96.9186803268
3767,61.2633010719
3768,71.5009842243
3769,64.0874895277
3770,94.8005389849
3771,81.3856438197
3772,89.5051856302
3773,51.7316650334
3774,69.0298193254
3775,77.8554082499
3776,82.4447144906
3777,74.6781962371
3778,79.6205260348
3779,77.5023846929
3780,75.0312197941
3781,69.7358664394
3782,69.7358664394
3783,69.0298193254
3784,52.4377121474
3785,86.6809971744
3786,96.2126332128
3787,55.2619006032
3788,93.0354212
3789,96.2126332128
3790,98.3307745547
3791,79.6205260348
3792,64.0874895277
3793,84.9158793895
3794,81.0326202627
3795,97.6247274407
3796,71.8540077812
3797,83.8568087185
3798,64.0874895277
3799,54.5558534893
3800,63.3814424137
3801,73.6191255661
3802,97.9777509977
3803,56.3209712741
3804,90.5642563011
3805,54.5558534893
3806,82.7977380476
3807,68.3237722114
3808,78.9144789208
3809,95.5065860989
3810,94.8005389849
3811,61.2633010719
3812,70.4419135533
3813,78.2084318069
3814,62.3223717428
3815,88.4461149593
3816,84.5628558325
3817,100.09589234
3818,88.4461149593
3819,90.5642563011
3820,90.5642563011
3821,58.792136173
3822,95.5065860989
3823,60.2042304009
3824,89.5051856302
3825,62.6753952998
3826,53.4967828183
3827,91.9763505291
3828,75.0312197941
3829,56.3209712741
3830,55.2619006032
3831,97.6247274407
3832,97.6247274407
3833,65.1465601986
3834,94.8005389849
3835,68.3237722114
3836,49.6135236915
3837,89.5051856302
3838,66.9116779835
3839,53.1437592613
3840,55.6149241602
3841,64.7935366417
3842,71.1479606673
3843,75.384243351
3844,78.2084318069
3845,85.6219265034
3846,69.3828428824
3847,89.8582091872
3848,82.7977380476
3849,71.8540077812
3850,84.5628558325
3851,84.5628558325
3852,63.7344659707
3853,55.9679477172
3854,92.682397643
3855,51.0256179195
3856,81.7386673767
3857,95.5065860989
3858,75.384243351
3859,55.9679477172
3860,79.9735495918
3861,77.5023846929
3862,82.0916909336
3863,69.0298193254
3864,53.4967828183
3865,68.6767957684
3866,53.4967828183
3867,68.6767957684
3868,56.6739948311
3869,75.737266908
3870,76.443314022
3871,93.388444757
3872,84.9158793895
3873,81.3856438197
3874,69.7358664394
3875,79.6205260348
3876,97.9777509977
3877,63.3814424137
3878,53.1437592613
3879,51.3786414764
3880,52.4377121474
3881,58.086089059
3882,59.498183287
3883,83.1507616046
3884,95.5065860989
3885,56.6739948311
3886,79.9735495918
3887,88.7991385162
3888,80.3265731487
3889,83.8568087185
3890,73.2661020092
3891,84.9158793895
3892,61.9693481858
3893,76.443314022
3894,53.8498063753
3895,91.2703034151
3896,74.6781962371
3897,63.3814424137
3898,83.5037851616
3899,77.1493611359
3900,95.1535625419
3901,88.4461149593
3902,51.3786414764
3903,92.682397643
3904,71.1479606673
3905,63.7344659707
3906,60.5572539579
3907,74.6781962371
3908,74.6781962371
3909,61.6163246288
3910,79.9735495918
3911,93.388444757
3912,54.5558534893
3913,53.4967828183
3914,72.2070313382
3915,81.0326202627
3916,61.6163246288
3917,83.1507616046
3918,93.0354212
3919,59.498183287
3920,87.0340207313
3921,78.9144789208
3922,79.2675024778
3923,70.7949371103
3924,51.0256179195
3925,64.7935366417
3926,81.7386673767
3927,55.6149241602
3928,97.6247274407
3929,50.3195708055
3930,79.2675024778
3931,58.439112616
3932,70.4419135533
3933,73.2661020092
3934,61.2633010719
3935,75.737266908
3936,77.5023846929
3937,52.4377121474
3938,65.8526073126
3939,58.792136173
3940,76.090290465
3941,97.6247274407
3942,96.9186803268
3943,83.1507616046
3944,95.1535625419
3945,78.9144789208
3946,76.7963375789
3947,58.439112616
3948,82.4447144906
3949,59.8512068439
3950,91.2703034151
3951,58.792136173
3952,76.090290465
3953,66.9116779835
3954,59.498183287
3955,72.9130784522
3956,69.7358664394
3957,90.5642563011
3958,60.9102775149
3959,56.3209712741
3960,75.0312197941
3961,83.8568087185
3962,57.3800419451
3963,89.8582091872
3964,55.2619006032
3965,94.0944918709
3966,59.8512068439
3967,93.0354212
3968,54.9088770462
3969,56.3209712741
3970,87.3870442883
3971,66.9116779835
3972,94.8005389849
3973,97.2717038837
3974,60.5572539579
3975,93.741468314
3976,52.0846885904
3977,99.0368216686
3978,60.2042304009
3979,79.2675024778
3980,96.9186803268
3981,52.0846885904
3982,64.4405130847
3983,81.7386673767
3984,58.792136173
3985,65.4995837556
3986,100.09589234
3987,80.6795967057
3988,95.8596096558
3989,64.0874895277
3990,52.4377121474
3991,96.2126332128
3992,66.5586544265
3993,57.0270183881
3994,59.498183287
3995,51.0256179195
3996,73.6191255661
3997,50.3195708055
3998,75.737266908
3999,95.5065860989
4000,99.3898452256
